otherCatalogNumbers,basisOfRecord,taxonRank,kingdom,phylum,class,order,family,genus,specificEpithet,associatedSequences
SEA0001,PreservedSpecimen,species,Animalia,Chordata,Actinopterygii,Syngnathiformes,Syngnathidae,Nerophis,lumbriciformis,MW818309
SEA0002,PreservedSpecimen,species,Animalia,Chordata,Actinopterygii,Syngnathiformes,Syngnathidae,Nerophis,lumbriciformis,NA
SEA0003,PreservedSpecimen,species,Animalia,Chordata,Actinopterygii,Syngnathiformes,Syngnathidae,Nerophis,lumbriciformis,MW818310
SEA0004,PreservedSpecimen,species,Animalia,Chordata,Actinopterygii,Gadiformes,Lotidae,Ciliata,mustela,NA
SEA0005,PreservedSpecimen,species,Animalia,Chordata,Actinopterygii,Perciformes,Blenniidae,Coryphoblennius,galerita,MH931374
SEA0006,PreservedSpecimen,species,Animalia,Chordata,Actinopterygii,Perciformes,Blenniidae,Lipophrys,pholis,MH931375 | MW818194
SEA0007,PreservedSpecimen,species,Animalia,Chordata,Actinopterygii,Perciformes,Blenniidae,Lipophrys,pholis,MH931376
SEA0008,PreservedSpecimen,species,Animalia,Arthropoda,Malacostraca,Decapoda,Portunidae,Carcinus,maenas,MH931377
SEA0009,PreservedSpecimen,species,Animalia,Arthropoda,Malacostraca,Decapoda,Portunidae,Carcinus,maenas,MH931378
SEA0010,PreservedSpecimen,species,Animalia,Arthropoda,Malacostraca,Decapoda,Cancridae,Cancer,pagurus,NA
SEA0011,PreservedSpecimen,species,Animalia,Arthropoda,Malacostraca,Decapoda,Cancridae,Cancer,pagurus,NA
SEA0012,PreservedSpecimen,species,Animalia,Arthropoda,Malacostraca,Decapoda,Cancridae,Cancer,pagurus,NA
SEA0013,PreservedSpecimen,species,Animalia,Arthropoda,Malacostraca,Decapoda,Cancridae,Cancer,pagurus,NA
SEA0014,PreservedSpecimen,species,Animalia,Arthropoda,Malacostraca,Decapoda,Cancridae,Cancer,pagurus,NA
SEA0015,PreservedSpecimen,species,Animalia,Chordata,Actinopterygii,Gasterosteiformes,Gasterosteidae,Spinachia,spinachia,MW818192
SEA0016,PreservedSpecimen,species,Animalia,Chordata,Actinopterygii,Gasterosteiformes,Gasterosteidae,Spinachia,spinachia,NA
SEA0017,PreservedSpecimen,species,Animalia,Chordata,Actinopterygii,Gasterosteiformes,Gasterosteidae,Spinachia,spinachia,NA
SEA0018,PreservedSpecimen,species,Animalia,Chordata,Actinopterygii,Gasterosteiformes,Gasterosteidae,Spinachia,spinachia,NA
SEA0019,PreservedSpecimen,species,Animalia,Chordata,Actinopterygii,Gasterosteiformes,Gasterosteidae,Spinachia,spinachia,NA
SEA0020,PreservedSpecimen,species,Animalia,Chordata,Actinopterygii,Scorpaeniformes,Cottidae,Taurulus,bubalis,MW818193
SEA0021,PreservedSpecimen,species,Animalia,Chordata,Actinopterygii,Scorpaeniformes,Cottidae,Taurulus,bubalis,NA
SEA0022,PreservedSpecimen,species,Animalia,Chordata,Actinopterygii,Scorpaeniformes,Cottidae,Taurulus,bubalis,NA
SEA0023,PreservedSpecimen,species,Animalia,Chordata,Actinopterygii,Scorpaeniformes,Cottidae,Taurulus,bubalis,NA
SEA0024,PreservedSpecimen,species,Animalia,Chordata,Actinopterygii,Scorpaeniformes,Cottidae,Taurulus,bubalis,NA
SEA0025,PreservedSpecimen,species,Animalia,Chordata,Actinopterygii,Scorpaeniformes,Cottidae,Taurulus,bubalis,NA
SEA0026,PreservedSpecimen,species,Animalia,Chordata,Actinopterygii,Scorpaeniformes,Cottidae,Taurulus,bubalis,NA
SEA0027,PreservedSpecimen,species,Animalia,Chordata,Actinopterygii,Scorpaeniformes,Cottidae,Taurulus,bubalis,NA
SEA0028,PreservedSpecimen,species,Animalia,Chordata,Actinopterygii,Gobiiformes,Gobiidae,Gobius,paganellus,NA
SEA0029,PreservedSpecimen,species,Animalia,Chordata,Actinopterygii,Gobiiformes,Gobiidae,Gobius,paganellus,NA
SEA0030,PreservedSpecimen,species,Animalia,Chordata,Actinopterygii,Gobiiformes,Gobiidae,Pomatoschistus,microps,NA
SEA0031,PreservedSpecimen,species,Animalia,Chordata,Actinopterygii,Perciformes,Blenniidae,Lipophrys,pholis,MH931379
SEA0032,PreservedSpecimen,species,Animalia,Chordata,Actinopterygii,Perciformes,Blenniidae,Lipophrys,pholis,MH931380
SEA0033,PreservedSpecimen,species,Animalia,Chordata,Actinopterygii,Perciformes,Blenniidae,Lipophrys,pholis,NA
SEA0034,PreservedSpecimen,species,Animalia,Chordata,Actinopterygii,Perciformes,Blenniidae,Lipophrys,pholis,NA
SEA0035,PreservedSpecimen,species,Animalia,Chordata,Actinopterygii,Perciformes,Blenniidae,Coryphoblennius,galerita,NA
SEA0036,PreservedSpecimen,species,Animalia,Chordata,Actinopterygii,Perciformes,Blenniidae,Coryphoblennius,galerita,NA
SEA0037,PreservedSpecimen,species,Animalia,Chordata,Actinopterygii,Perciformes,Blenniidae,Coryphoblennius,galerita,NA
SEA0038,PreservedSpecimen,species,Animalia,Chordata,Actinopterygii,Perciformes,Blenniidae,Coryphoblennius,galerita,MH931381
SEA0039,PreservedSpecimen,species,Animalia,Chordata,Actinopterygii,Perciformes,Blenniidae,Coryphoblennius,galerita,MH931382
SEA0040,PreservedSpecimen,species,Animalia,Chordata,Actinopterygii,Perciformes,Blenniidae,Coryphoblennius,galerita,NA
SEA0041,PreservedSpecimen,species,Animalia,Chordata,Actinopterygii,Perciformes,Blenniidae,Coryphoblennius,galerita,NA
SEA0042,PreservedSpecimen,species,Animalia,Chordata,Actinopterygii,Perciformes,Blenniidae,Lipophrys,pholis,MH931383
SEA0043,PreservedSpecimen,species,Animalia,Chordata,Actinopterygii,Perciformes,Blenniidae,Lipophrys,pholis,NA
SEA0044,PreservedSpecimen,species,Animalia,Chordata,Actinopterygii,Perciformes,Blenniidae,Lipophrys,pholis,NA
SEA0045,PreservedSpecimen,species,Animalia,Chordata,Actinopterygii,Perciformes,Blenniidae,Lipophrys,pholis,NA
SEA0046,PreservedSpecimen,species,Animalia,Chordata,Actinopterygii,Perciformes,Blenniidae,Lipophrys,pholis,NA
SEA0047,PreservedSpecimen,species,Animalia,Chordata,Actinopterygii,Perciformes,Blenniidae,Lipophrys,pholis,NA
SEA0048,PreservedSpecimen,species,Animalia,Chordata,Actinopterygii,Perciformes,Blenniidae,Lipophrys,pholis,NA
SEA0049,PreservedSpecimen,species,Animalia,Chordata,Actinopterygii,Perciformes,Blenniidae,Lipophrys,pholis,NA
SEA0050,PreservedSpecimen,species,Animalia,Chordata,Actinopterygii,Perciformes,Blenniidae,Lipophrys,pholis,NA
SEA0051,PreservedSpecimen,species,Animalia,Chordata,Actinopterygii,Perciformes,Blenniidae,Lipophrys,pholis,NA
SEA0052,PreservedSpecimen,species,Animalia,Chordata,Actinopterygii,Perciformes,Blenniidae,Lipophrys,pholis,NA
SEA0053,PreservedSpecimen,species,Animalia,Chordata,Actinopterygii,Perciformes,Blenniidae,Lipophrys,pholis,NA
SEA0054,PreservedSpecimen,species,Animalia,Chordata,Actinopterygii,Perciformes,Blenniidae,Lipophrys,pholis,NA
SEA0055,PreservedSpecimen,species,Animalia,Chordata,Actinopterygii,Perciformes,Blenniidae,Lipophrys,pholis,MH931384
SEA0056,PreservedSpecimen,species,Animalia,Chordata,Actinopterygii,Perciformes,Blenniidae,Lipophrys,pholis,MH931385
SEA0057,PreservedSpecimen,species,Animalia,Chordata,Actinopterygii,Perciformes,Blenniidae,Lipophrys,pholis,MH931386
SEA0058,PreservedSpecimen,species,Animalia,Chordata,Actinopterygii,Perciformes,Blenniidae,Lipophrys,pholis,NA
SEA0059,PreservedSpecimen,species,Animalia,Chordata,Actinopterygii,Perciformes,Blenniidae,Lipophrys,pholis,NA
SEA0060,PreservedSpecimen,species,Animalia,Chordata,Actinopterygii,Perciformes,Blenniidae,Lipophrys,pholis,NA
SEA0061,PreservedSpecimen,species,Animalia,Chordata,Actinopterygii,Perciformes,Blenniidae,Lipophrys,pholis,NA
SEA0062,PreservedSpecimen,species,Animalia,Chordata,Actinopterygii,Perciformes,Blenniidae,Lipophrys,pholis,NA
SEA0063,PreservedSpecimen,species,Animalia,Chordata,Actinopterygii,Perciformes,Blenniidae,Lipophrys,pholis,NA
SEA0064,PreservedSpecimen,species,Animalia,Arthropoda,Malacostraca,Decapoda,Portunidae,Carcinus,maenas,MH931387
SEA0065,PreservedSpecimen,species,Animalia,Arthropoda,Malacostraca,Decapoda,Portunidae,Carcinus,maenas,MH931388
SEA0066,PreservedSpecimen,species,Animalia,Arthropoda,Malacostraca,Decapoda,Portunidae,Carcinus,maenas,NA
SEA0067,PreservedSpecimen,species,Animalia,Arthropoda,Malacostraca,Decapoda,Portunidae,Carcinus,maenas,NA
SEA0068,PreservedSpecimen,species,Animalia,Arthropoda,Malacostraca,Decapoda,Portunidae,Carcinus,maenas,NA
SEA0069,PreservedSpecimen,species,Animalia,Arthropoda,Malacostraca,Decapoda,Portunidae,Carcinus,maenas,NA
SEA0070,PreservedSpecimen,species,Animalia,Arthropoda,Malacostraca,Decapoda,Portunidae,Carcinus,maenas,NA
SEA0071,PreservedSpecimen,species,Animalia,Arthropoda,Malacostraca,Decapoda,Portunidae,Carcinus,maenas,NA
SEA0072,PreservedSpecimen,species,Animalia,Arthropoda,Malacostraca,Decapoda,Portunidae,Carcinus,maenas,NA
SEA0073,PreservedSpecimen,species,Animalia,Arthropoda,Malacostraca,Decapoda,Portunidae,Carcinus,maenas,NA
SEA0074,PreservedSpecimen,species,Animalia,Arthropoda,Malacostraca,Decapoda,Portunidae,Carcinus,maenas,NA
SEA0075,PreservedSpecimen,species,Animalia,Arthropoda,Malacostraca,Decapoda,Portunidae,Carcinus,maenas,NA
SEA0076,TissueSample,species,Animalia,Chordata,Actinopterygii,Salmoniformes,Salmonidae,Salmo,salar,NA
SEA0077,TissueSample,class,Animalia,Chordata,Chondrichthyes,NA,NA,NA,NA,NA
SEA0078,TissueSample,species,Animalia,Chordata,Actinopterygii,Perciformes,Sparidae,Pagellus,bogaraveo,NA
SEA0079,TissueSample,species,Animalia,Chordata,Actinopterygii,Pleuronectiformes,Scophthalmidae,Scophthalmus,maximus,NA
SEA0080,TissueSample,species,Animalia,Chordata,Actinopterygii,Gadiformes,Gadidae,Gadus,morhua,NA
SEA0081,TissueSample,species,Animalia,Chordata,Actinopterygii,Pleuronectiformes,Soleidae,Solea,solea,NA
SEA0082,TissueSample,genus,Animalia,Chordata,Actinopterygii,Perciformes,Scombridae,Thunnus,NA,NA
SEA0083,TissueSample,species,Animalia,Chordata,Actinopterygii,Perciformes,Scombridae,Scomber,scombrus,NA
SEA0084,TissueSample,species,Animalia,Chordata,Actinopterygii,Pleuronectiformes,Pleuronectidae,Hippoglossus,hippoglossus,NA
SEA0085,PreservedSpecimen,species,Animalia,Chordata,Actinopterygii,Perciformes,Blenniidae,Lipophrys,pholis,NA
SEA0086,PreservedSpecimen,species,Animalia,Chordata,Actinopterygii,Perciformes,Blenniidae,Lipophrys,pholis,MW818229
SEA0087,PreservedSpecimen,species,Animalia,Chordata,Actinopterygii,Perciformes,Blenniidae,Lipophrys,pholis,MW818311
SEA0088,PreservedSpecimen,species,Animalia,Chordata,Actinopterygii,Perciformes,Blenniidae,Lipophrys,pholis,MW818312
SEA0089,PreservedSpecimen,species,Animalia,Chordata,Actinopterygii,Perciformes,Blenniidae,Lipophrys,pholis,MW818313
SEA0090,TissueSample,species,Animalia,Chordata,Chondrichthyes,Carcharhiniformes,Triakidae,Mustelus,asterias,MW818195
SEA0091,TissueSample,species,Animalia,Chordata,Chondrichthyes,Carcharhiniformes,Triakidae,Mustelus,asterias,MW818196
SEA0092,TissueSample,species,Animalia,Chordata,Chondrichthyes,Carcharhiniformes,Scyliorhinidae,Scyliorhinus,canicula,MW818248
SEA0093,TissueSample,species,Animalia,Chordata,Chondrichthyes,Carcharhiniformes,Scyliorhinidae,Scyliorhinus,canicula,MW818314
SEA0094,TissueSample,species,Animalia,Chordata,Chondrichthyes,Rajiformes,Rajidae,Raja,clavata,MW818197
SEA0095,TissueSample,species,Animalia,Chordata,Chondrichthyes,Rajiformes,Rajidae,Raja,clavata,MW818198
SEA0096,TissueSample,species,Animalia,Chordata,Chondrichthyes,Rajiformes,Rajidae,Raja,clavata,NA
SEA0097,TissueSample,species,Animalia,Chordata,Chondrichthyes,Rajiformes,Rajidae,Raja,clavata,NA
SEA0098,TissueSample,species,Animalia,Chordata,Actinopterygii,Pleuronectiformes,Pleuronectidae,Pleuronectes,platessa,MW818199
SEA0099,TissueSample,species,Animalia,Chordata,Actinopterygii,Pleuronectiformes,Pleuronectidae,Pleuronectes,platessa,MW818200
SEA0100,TissueSample,species,Animalia,Chordata,Actinopterygii,Pleuronectiformes,Pleuronectidae,Pleuronectes,platessa,MW818236
SEA0101,TissueSample,species,Animalia,Chordata,Actinopterygii,Pleuronectiformes,Pleuronectidae,Pleuronectes,platessa,NA
SEA0102,TissueSample,species,Animalia,Chordata,Actinopterygii,Pleuronectiformes,Soleidae,Solea,solea,MW818201
SEA0103,TissueSample,species,Animalia,Chordata,Actinopterygii,Pleuronectiformes,Soleidae,Solea,solea,MW818202
SEA0104,TissueSample,species,Animalia,Chordata,Actinopterygii,Pleuronectiformes,Soleidae,Solea,solea,NA
SEA0105,TissueSample,species,Animalia,Chordata,Actinopterygii,Pleuronectiformes,Soleidae,Solea,solea,NA
SEA0106,PreservedSpecimen,species,Animalia,Chordata,Actinopterygii,Pleuronectiformes,Soleidae,Buglossidium,luteum,MW818203
SEA0107,TissueSample,species,Animalia,Chordata,Actinopterygii,Gadiformes,Gadidae,Merlangius,merlangus,MW818204
SEA0108,TissueSample,species,Animalia,Chordata,Actinopterygii,Gadiformes,Gadidae,Merlangius,merlangus,MW818205
SEA0109,TissueSample,species,Animalia,Chordata,Actinopterygii,Gadiformes,Gadidae,Merlangius,merlangus,NA
SEA0110,TissueSample,species,Animalia,Chordata,Actinopterygii,Gadiformes,Gadidae,Merlangius,merlangus,NA
SEA0111,PreservedSpecimen,species,Animalia,Chordata,Actinopterygii,Gadiformes,Gadidae,Merlangius,merlangus,NA
SEA0112,TissueSample,species,Animalia,Chordata,Actinopterygii,Pleuronectiformes,Pleuronectidae,Platichthys,flesus,MW818206
SEA0113,TissueSample,species,Animalia,Chordata,Actinopterygii,Pleuronectiformes,Pleuronectidae,Platichthys,flesus,MW818207
SEA0114,TissueSample,species,Animalia,Chordata,Actinopterygii,Pleuronectiformes,Pleuronectidae,Platichthys,flesus,NA
SEA0115,TissueSample,species,Animalia,Chordata,Actinopterygii,Anguilliformes,Anguillidae,Anguilla,anguilla,MW818208
SEA0116,TissueSample,species,Animalia,Chordata,Actinopterygii,Anguilliformes,Anguillidae,Anguilla,anguilla,MW818209
SEA0117,TissueSample,species,Animalia,Chordata,Actinopterygii,Anguilliformes,Anguillidae,Anguilla,anguilla,NA
SEA0118,TissueSample,species,Animalia,Chordata,Actinopterygii,Clupeiformes,Clupeidae,Clupea,harengus,MW818210
SEA0119,TissueSample,species,Animalia,Chordata,Actinopterygii,Clupeiformes,Clupeidae,Clupea,harengus,MW818211
SEA0120,TissueSample,species,Animalia,Chordata,Actinopterygii,Perciformes,Moronidae,Dicentrarchus,labrax,MW818212
SEA0121,TissueSample,species,Animalia,Chordata,Actinopterygii,Perciformes,Moronidae,Dicentrarchus,labrax,MW818213
SEA0122,TissueSample,species,Animalia,Chordata,Actinopterygii,Perciformes,Moronidae,Dicentrarchus,labrax,NA
SEA0123,TissueSample,species,Animalia,Chordata,Actinopterygii,Perciformes,Moronidae,Dicentrarchus,labrax,NA
SEA0124,PreservedSpecimen,species,Animalia,Chordata,Actinopterygii,Perciformes,Callionymidae,Callionymus,lyra,MW818392
SEA0125,PreservedSpecimen,species,Animalia,Chordata,Actinopterygii,Perciformes,Callionymidae,Callionymus,lyra,NA
SEA0126,PreservedSpecimen,species,Animalia,Chordata,Actinopterygii,Perciformes,Callionymidae,Callionymus,lyra,MW818428
SEA0127,PreservedSpecimen,species,Animalia,Chordata,Actinopterygii,Perciformes,Callionymidae,Callionymus,lyra,NA
SEA0128,PreservedSpecimen,species,Animalia,Chordata,Actinopterygii,Perciformes,Callionymidae,Callionymus,lyra,NA
SEA0129,PreservedSpecimen,species,Animalia,Chordata,Actinopterygii,Pleuronectiformes,Soleidae,Solea,solea,MW818225
SEA0130,PreservedSpecimen,species,Animalia,Chordata,Actinopterygii,Scorpaeniformes,Cottidae,Micrenophrys,lilljeborgii,MW818214
SEA0131,PreservedSpecimen,species,Animalia,Chordata,Actinopterygii,Perciformes,Callionymidae,Callionymus,lyra,NA
SEA0132,PreservedSpecimen,species,Animalia,Chordata,Actinopterygii,Perciformes,Labridae,Symphodus,melops,MW818215
SEA0133,PreservedSpecimen,species,Animalia,Chordata,Actinopterygii,Gobiiformes,Gobiidae,Aphia,minuta,MW818216
SEA0134,PreservedSpecimen,species,Animalia,Chordata,Actinopterygii,Gobiiformes,Gobiidae,Aphia,minuta,MW818217
SEA0135,PreservedSpecimen,species,Animalia,Chordata,Actinopterygii,Gobiiformes,Gobiidae,Aphia,minuta,NA
SEA0136,PreservedSpecimen,species,Animalia,Chordata,Actinopterygii,Gobiiformes,Gobiidae,Aphia,minuta,NA
SEA0137,PreservedSpecimen,species,Animalia,Chordata,Actinopterygii,Gobiiformes,Gobiidae,Pomatoschistus,microps,MW818218
SEA0138,PreservedSpecimen,species,Animalia,Chordata,Actinopterygii,Gobiiformes,Gobiidae,Pomatoschistus,microps,MW818219
SEA0139,PreservedSpecimen,species,Animalia,Chordata,Actinopterygii,Gadiformes,Gadidae,Trisopterus,luscus,MW818315
SEA0140,PreservedSpecimen,species,Animalia,Chordata,Actinopterygii,Pleuronectiformes,Soleidae,Buglossidium,luteum,NA
SEA0141,PreservedSpecimen,species,Animalia,Chordata,Actinopterygii,Gobiiformes,Gobiidae,Gobius,paganellus,MW818316
SEA0142,PreservedSpecimen,species,Animalia,Chordata,Actinopterygii,Gobiiformes,Gobiidae,Gobius,paganellus,MW818304
SEA0143,PreservedSpecimen,species,Animalia,Chordata,Actinopterygii,Gobiiformes,Gobiidae,Gobius,paganellus,MW818317
SEA0144,PreservedSpecimen,species,Animalia,Chordata,Actinopterygii,Gobiiformes,Gobiidae,Gobius,paganellus,MW818318
SEA0145,PreservedSpecimen,species,Animalia,Chordata,Actinopterygii,Gobiiformes,Gobiidae,Gobius,paganellus,NA
SEA0146,PreservedSpecimen,species,Animalia,Chordata,Actinopterygii,Perciformes,Trachinidae,Echiichthys,vipera,MW818319
SEA0147,PreservedSpecimen,species,Animalia,Chordata,Actinopterygii,Gobiiformes,Gobiidae,Gobius,niger,MW818293
SEA0148,PreservedSpecimen,species,Animalia,Chordata,Actinopterygii,Gobiiformes,Gobiidae,Gobius,niger,MW818282
SEA0149,PreservedSpecimen,species,Animalia,Chordata,Actinopterygii,Gobiiformes,Gobiidae,Gobius,niger,NA
SEA0150,PreservedSpecimen,species,Animalia,Chordata,Actinopterygii,Gobiiformes,Gobiidae,Pomatoschistus,pictus,MW818320
SEA0151,PreservedSpecimen,species,Animalia,Chordata,Actinopterygii,Gobiiformes,Gobiidae,Pomatoschistus,pictus,MW818321
SEA0152,PreservedSpecimen,species,Animalia,Chordata,Actinopterygii,Gobiiformes,Gobiidae,Pomatoschistus,pictus,NA
SEA0153,PreservedSpecimen,species,Animalia,Chordata,Actinopterygii,Gobiiformes,Gobiidae,Pomatoschistus,pictus,NA
SEA0154,PreservedSpecimen,species,Animalia,Chordata,Actinopterygii,Syngnathiformes,Syngnathidae,Syngnathus,acus,MW818322
SEA0155,PreservedSpecimen,species,Animalia,Chordata,Actinopterygii,Gasterosteiformes,Gasterosteidae,Pungitius,pungitius,MW818323
SEA0156,PreservedSpecimen,species,Animalia,Chordata,Actinopterygii,Anguilliformes,Anguillidae,Anguilla,anguilla,NA
SEA0157,PreservedSpecimen,genus,Animalia,Chordata,Actinopterygii,Gobiiformes,Gobiidae,Pomatoschistus,,NA
SEA0158,PreservedSpecimen,genus,Animalia,Chordata,Actinopterygii,Gobiiformes,Gobiidae,Pomatoschistus,,NA
SEA0159,PreservedSpecimen,genus,Animalia,Chordata,Actinopterygii,Gobiiformes,Gobiidae,Pomatoschistus,,NA
SEA0160,PreservedSpecimen,species,Animalia,Chordata,Actinopterygii,Atheriniformes,Atherinidae,Atherina,boyeri,MW818271
SEA0161,PreservedSpecimen,species,Animalia,Chordata,Actinopterygii,Atheriniformes,Atherinidae,Atherina,boyeri,MW818259
SEA0162,PreservedSpecimen,species,Animalia,Chordata,Actinopterygii,Atheriniformes,Atherinidae,Atherina,boyeri,NA
SEA0163,PreservedSpecimen,species,Animalia,Chordata,Actinopterygii,Clupeiformes,Clupeidae,Sprattus,sprattus,MW818249
SEA0164,PreservedSpecimen,species,Animalia,Chordata,Actinopterygii,Clupeiformes,Clupeidae,Sprattus,sprattus,MW818237
SEA0165,PreservedSpecimen,species,Animalia,Chordata,Actinopterygii,Clupeiformes,Clupeidae,Sprattus,sprattus,MW818324
SEA0166,PreservedSpecimen,species,Animalia,Chordata,Actinopterygii,Clupeiformes,Clupeidae,Sprattus,sprattus,NA
SEA0167,PreservedSpecimen,species,Animalia,Chordata,Actinopterygii,Gobiiformes,Gobiidae,Aphia,minuta,NA
SEA0168,PreservedSpecimen,species,Animalia,Chordata,Actinopterygii,Gobiiformes,Gobiidae,Aphia,minuta,NA
SEA0169,PreservedSpecimen,species,Animalia,Chordata,Actinopterygii,Gobiiformes,Gobiidae,Aphia,minuta,NA
SEA0170,PreservedSpecimen,species,Animalia,Chordata,Actinopterygii,Clupeiformes,Clupeidae,Clupea,harengus,MW818226
SEA0171,PreservedSpecimen,species,Animalia,Chordata,Actinopterygii,Clupeiformes,Clupeidae,Clupea,harengus,MW818325
SEA0172,PreservedSpecimen,species,Animalia,Chordata,Actinopterygii,Clupeiformes,Clupeidae,Clupea,harengus,NA
SEA0173,PreservedSpecimen,species,Animalia,Chordata,Actinopterygii,Gobiiformes,Gobiidae,Gobius,paganellus,NA
SEA0174,PreservedSpecimen,species,Animalia,Chordata,Actinopterygii,Gobiiformes,Gobiidae,Gobius,paganellus,NA
SEA0175,PreservedSpecimen,species,Animalia,Chordata,Actinopterygii,Gobiiformes,Gobiidae,Gobius,paganellus,NA
SEA0176,PreservedSpecimen,species,Animalia,Chordata,Actinopterygii,Gadiformes,Gadidae,Trisopterus,luscus,NA
SEA0177,PreservedSpecimen,species,Animalia,Chordata,Actinopterygii,Gadiformes,Gadidae,Trisopterus,luscus,MW818326
SEA0178,PreservedSpecimen,species,Animalia,Chordata,Actinopterygii,Gadiformes,Gadidae,Trisopterus,luscus,NA
SEA0179,PreservedSpecimen,species,Animalia,Chordata,Actinopterygii,Gobiiformes,Gobiidae,Gobius,niger,NA
SEA0180,PreservedSpecimen,species,Animalia,Chordata,Actinopterygii,Gobiiformes,Gobiidae,Gobius,niger,NA
SEA0181,PreservedSpecimen,species,Animalia,Chordata,Actinopterygii,Gobiiformes,Gobiidae,Gobius,niger,NA
SEA0182,PreservedSpecimen,species,Animalia,Chordata,Actinopterygii,Mugiliformes,Mugilidae,Chelon,ramada,MW818327
SEA0183,PreservedSpecimen,species,Animalia,Chordata,Actinopterygii,Mugiliformes,Mugilidae,Chelon,ramada,MW818305
SEA0184,PreservedSpecimen,species,Animalia,Chordata,Actinopterygii,Mugiliformes,Mugilidae,Chelon,ramada,NA
SEA0185,PreservedSpecimen,species,Animalia,Chordata,Actinopterygii,Gadiformes,Lotidae,Ciliata,mustela,MW818328
SEA0186,PreservedSpecimen,species,Animalia,Chordata,Actinopterygii,Gadiformes,Lotidae,Ciliata,mustela,MW818329
SEA0187,PreservedSpecimen,species,Animalia,Chordata,Actinopterygii,Gadiformes,Lotidae,Ciliata,mustela,NA
SEA0188,PreservedSpecimen,species,Animalia,Chordata,Actinopterygii,Scorpaeniformes,Cottidae,Taurulus,bubalis,MW818294
SEA0189,PreservedSpecimen,species,Animalia,Chordata,Actinopterygii,Pleuronectiformes,Soleidae,Buglossidium,luteum,NA
SEA0190,PreservedSpecimen,species,Animalia,Chordata,Actinopterygii,Perciformes,Moronidae,Dicentrarchus,labrax,NA
SEA0191,PreservedSpecimen,species,Animalia,Chordata,Actinopterygii,Perciformes,Labridae,Symphodus,melops,NA
SEA0192,PreservedSpecimen,species,Animalia,Chordata,Actinopterygii,Perciformes,Labridae,Symphodus,melops,NA
SEA0193,PreservedSpecimen,species,Animalia,Chordata,Actinopterygii,Perciformes,Carangidae,Trachurus,trachurus,MW818283
SEA0194,PreservedSpecimen,species,Animalia,Chordata,Actinopterygii,Scorpaeniformes,Triglidae,Chelidonichthys,lucerna,MW818272
SEA0195,PreservedSpecimen,species,Animalia,Chordata,Actinopterygii,Pleuronectiformes,Pleuronectidae,Platichthys,flesus,MW818260
SEA0196,PreservedSpecimen,genus,Animalia,Chordata,Actinopterygii,Gobiiformes,Gobiidae,Pomatoschistus,,NA
SEA0197,PreservedSpecimen,species,Animalia,Chordata,Actinopterygii,Atheriniformes,Atherinidae,Atherina,boyeri,MW818330
SEA0198,PreservedSpecimen,species,Animalia,Chordata,Actinopterygii,Atheriniformes,Atherinidae,Atherina,boyeri,NA
SEA0199,PreservedSpecimen,species,Animalia,Chordata,Actinopterygii,Atheriniformes,Atherinidae,Atherina,boyeri,NA
SEA0200,PreservedSpecimen,species,Animalia,Chordata,Actinopterygii,Gadiformes,Lotidae,Ciliata,mustela,NA
SEA0201,PreservedSpecimen,species,Animalia,Chordata,Actinopterygii,Perciformes,Sparidae,Sparus,aurata,MW818331
SEA0202,PreservedSpecimen,species,Animalia,Chordata,Actinopterygii,Scorpaeniformes,Cottidae,Taurulus,bubalis,NA
SEA0203,PreservedSpecimen,species,Animalia,Chordata,Actinopterygii,Gadiformes,Lotidae,Ciliata,mustela,NA
SEA0204,PreservedSpecimen,species,Animalia,Chordata,Actinopterygii,Perciformes,Pholidae,Pholis,gunnellus,MW818285
SEA0205,PreservedSpecimen,genus,Animalia,Chordata,Actinopterygii,Gobiiformes,Gobiidae,Pomatoschistus,,NA
SEA0206,PreservedSpecimen,species,Animalia,Chordata,Actinopterygii,Perciformes,Blenniidae,Coryphoblennius,galerita,NA
SEA0207,PreservedSpecimen,species,Animalia,Chordata,Actinopterygii,Perciformes,Blenniidae,Coryphoblennius,galerita,MW818332
SEA0208,PreservedSpecimen,species,Animalia,Chordata,Actinopterygii,Perciformes,Blenniidae,Coryphoblennius,galerita,MW818333
SEA0209,PreservedSpecimen,species,Animalia,Chordata,Actinopterygii,Perciformes,Blenniidae,Coryphoblennius,galerita,NA
SEA0210,PreservedSpecimen,species,Animalia,Chordata,Actinopterygii,Perciformes,Pholidae,Pholis,gunnellus,NA
SEA0211,PreservedSpecimen,species,Animalia,Chordata,Actinopterygii,Perciformes,Pholidae,Pholis,gunnellus,NA
SEA0212,PreservedSpecimen,species,Animalia,Chordata,Actinopterygii,Perciformes,Pholidae,Pholis,gunnellus,NA
SEA0213,PreservedSpecimen,species,Animalia,Chordata,Actinopterygii,Perciformes,Pholidae,Pholis,gunnellus,NA
SEA0214,PreservedSpecimen,species,Animalia,Chordata,Actinopterygii,Perciformes,Pholidae,Pholis,gunnellus,NA
SEA0215,PreservedSpecimen,species,Animalia,Chordata,Actinopterygii,Perciformes,Pholidae,Pholis,gunnellus,NA
SEA0216,PreservedSpecimen,species,Animalia,Chordata,Actinopterygii,Perciformes,Pholidae,Pholis,gunnellus,NA
SEA0217,PreservedSpecimen,species,Animalia,Chordata,Actinopterygii,Perciformes,Pholidae,Pholis,gunnellus,NA
SEA0218,PreservedSpecimen,species,Animalia,Chordata,Actinopterygii,Perciformes,Pholidae,Pholis,gunnellus,NA
SEA0219,PreservedSpecimen,species,Animalia,Chordata,Actinopterygii,Syngnathiformes,Syngnathidae,Nerophis,lumbriciformis,MW818334
SEA0220,PreservedSpecimen,species,Animalia,Chordata,Actinopterygii,Syngnathiformes,Syngnathidae,Nerophis,lumbriciformis,MW818335
SEA0221,PreservedSpecimen,species,Animalia,Chordata,Actinopterygii,Syngnathiformes,Syngnathidae,Nerophis,lumbriciformis,NA
SEA0222,PreservedSpecimen,species,Animalia,Chordata,Actinopterygii,Gobiiformes,Gobiidae,Gobius,paganellus,NA
SEA0223,PreservedSpecimen,species,Animalia,Chordata,Actinopterygii,Perciformes,Blenniidae,Coryphoblennius,galerita,NA
SEA0224,PreservedSpecimen,species,Animalia,Chordata,Actinopterygii,Perciformes,Blenniidae,Coryphoblennius,galerita,NA
SEA0225,PreservedSpecimen,species,Animalia,Chordata,Actinopterygii,Perciformes,Blenniidae,Coryphoblennius,galerita,NA
SEA0226,PreservedSpecimen,species,Animalia,Chordata,Actinopterygii,Perciformes,Blenniidae,Coryphoblennius,galerita,NA
SEA0227,PreservedSpecimen,species,Animalia,Chordata,Actinopterygii,Perciformes,Blenniidae,Coryphoblennius,galerita,NA
SEA0228,PreservedSpecimen,species,Animalia,Chordata,Actinopterygii,Gadiformes,Lotidae,Ciliata,mustela,NA
SEA0229,PreservedSpecimen,species,Animalia,Chordata,Actinopterygii,Scorpaeniformes,Triglidae,Chelidonichthys,lucerna,NA
SEA0230,PreservedSpecimen,species,Animalia,Chordata,Actinopterygii,Perciformes,Labridae,Symphodus,melops,NA
SEA0231,PreservedSpecimen,species,Animalia,Chordata,Actinopterygii,Scorpaeniformes,Cottidae,Taurulus,bubalis,NA
SEA0232,PreservedSpecimen,species,Animalia,Chordata,Actinopterygii,Scorpaeniformes,Cottidae,Taurulus,bubalis,NA
SEA0233,PreservedSpecimen,species,Animalia,Chordata,Actinopterygii,Pleuronectiformes,Pleuronectidae,Pleuronectes,platessa,NA
SEA0234,PreservedSpecimen,species,Animalia,Chordata,Actinopterygii,Pleuronectiformes,Pleuronectidae,Pleuronectes,platessa,NA
SEA0235,PreservedSpecimen,species,Animalia,Chordata,Actinopterygii,Pleuronectiformes,Pleuronectidae,Pleuronectes,platessa,NA
SEA0236,PreservedSpecimen,species,Animalia,Chordata,Actinopterygii,Pleuronectiformes,Pleuronectidae,Pleuronectes,platessa,NA
SEA0237,PreservedSpecimen,species,Animalia,Chordata,Actinopterygii,Pleuronectiformes,Pleuronectidae,Pleuronectes,platessa,NA
SEA0238,PreservedSpecimen,species,Animalia,Chordata,Actinopterygii,Pleuronectiformes,Bothidae,Arnoglossus,laterna,MW818393
SEA0239,PreservedSpecimen,species,Animalia,Chordata,Actinopterygii,Pleuronectiformes,Bothidae,Arnoglossus,laterna,MW818336
SEA0240,PreservedSpecimen,species,Animalia,Chordata,Actinopterygii,Pleuronectiformes,Bothidae,Arnoglossus,laterna,MW818409
SEA0241,PreservedSpecimen,species,Animalia,Chordata,Actinopterygii,Pleuronectiformes,Bothidae,Arnoglossus,laterna,MW818410
SEA0242,PreservedSpecimen,species,Animalia,Chordata,Actinopterygii,Pleuronectiformes,Bothidae,Arnoglossus,laterna,MW818411
SEA0243,PreservedSpecimen,species,Animalia,Chordata,Actinopterygii,Pleuronectiformes,Soleidae,Microchirus,variegatus,MW818337
SEA0244,PreservedSpecimen,species,Animalia,Chordata,Actinopterygii,Pleuronectiformes,Soleidae,Microchirus,variegatus,MW818250
SEA0245,PreservedSpecimen,species,Animalia,Chordata,Actinopterygii,Pleuronectiformes,Soleidae,Microchirus,variegatus,MW818338
SEA0246,PreservedSpecimen,species,Animalia,Chordata,Actinopterygii,Pleuronectiformes,Soleidae,Microchirus,variegatus,NA
SEA0247,PreservedSpecimen,species,Animalia,Chordata,Actinopterygii,Pleuronectiformes,Soleidae,Microchirus,variegatus,NA
SEA0248,PreservedSpecimen,species,Animalia,Chordata,Actinopterygii,Pleuronectiformes,Soleidae,Buglossidium,luteum,MW818238
SEA0249,PreservedSpecimen,species,Animalia,Chordata,Actinopterygii,Pleuronectiformes,Soleidae,Buglossidium,luteum,MW818227
SEA0250,PreservedSpecimen,species,Animalia,Chordata,Actinopterygii,Pleuronectiformes,Soleidae,Buglossidium,luteum,NA
SEA0251,PreservedSpecimen,species,Animalia,Chordata,Actinopterygii,Pleuronectiformes,Soleidae,Buglossidium,luteum,NA
SEA0252,PreservedSpecimen,species,Animalia,Chordata,Actinopterygii,Pleuronectiformes,Soleidae,Buglossidium,luteum,NA
SEA0253,PreservedSpecimen,genus,Animalia,Chordata,Actinopterygii,Gobiiformes,Gobiidae,Pomatoschistus,,NA
SEA0254,PreservedSpecimen,genus,Animalia,Chordata,Actinopterygii,Pleuronectiformes,Pleuronectidae,Glyptocephalus,cynoglossus,NA
SEA0255,PreservedSpecimen,species,Animalia,Chordata,Actinopterygii,Gadiformes,Lotidae,Enchelyopus,cimbrius,MW818339
SEA0256,PreservedSpecimen,species,Animalia,Chordata,Actinopterygii,Perciformes,Ammodytidae,Hyperoplus,immaculatus,MW818340
SEA0257,PreservedSpecimen,species,Animalia,Chordata,Actinopterygii,Pleuronectiformes,Scophthalmidae,Phrynorhombus,norvegicus,MW818341
SEA0258,PreservedSpecimen,species,Animalia,Chordata,Actinopterygii,Pleuronectiformes,Scophthalmidae,Phrynorhombus,norvegicus,NA
SEA0259,PreservedSpecimen,species,Animalia,Chordata,Actinopterygii,Pleuronectiformes,Scophthalmidae,Phrynorhombus,norvegicus,MW818342
SEA0260,PreservedSpecimen,species,Animalia,Chordata,Actinopterygii,Pleuronectiformes,Scophthalmidae,Phrynorhombus,norvegicus,NA
SEA0261,PreservedSpecimen,species,Animalia,Chordata,Actinopterygii,Pleuronectiformes,Scophthalmidae,Phrynorhombus,norvegicus,NA
SEA0262,PreservedSpecimen,species,Animalia,Chordata,Actinopterygii,Pleuronectiformes,Scophthalmidae,Phrynorhombus,norvegicus,NA
SEA0263,PreservedSpecimen,species,Animalia,Chordata,Actinopterygii,Pleuronectiformes,Scophthalmidae,Phrynorhombus,norvegicus,NA
SEA0264,PreservedSpecimen,species,Animalia,Chordata,Actinopterygii,Pleuronectiformes,Scophthalmidae,Phrynorhombus,norvegicus,NA
SEA0265,PreservedSpecimen,species,Animalia,Chordata,Actinopterygii,Pleuronectiformes,Scophthalmidae,Phrynorhombus,norvegicus,NA
SEA0266,PreservedSpecimen,species,Animalia,Chordata,Actinopterygii,Clupeiformes,Clupeidae,Sprattus,sprattus,MW818343
SEA0267,PreservedSpecimen,species,Animalia,Chordata,Actinopterygii,Clupeiformes,Clupeidae,Sprattus,sprattus,MW818344
SEA0268,PreservedSpecimen,species,Animalia,Chordata,Actinopterygii,Clupeiformes,Clupeidae,Sprattus,sprattus,NA
SEA0269,PreservedSpecimen,species,Animalia,Chordata,Actinopterygii,Clupeiformes,Clupeidae,Sprattus,sprattus,NA
SEA0270,PreservedSpecimen,species,Animalia,Chordata,Actinopterygii,Clupeiformes,Clupeidae,Sprattus,sprattus,NA
SEA0271,PreservedSpecimen,species,Animalia,Chordata,Actinopterygii,Perciformes,Callionymidae,Callionymus,maculatus,MW818394
SEA0272,PreservedSpecimen,species,Animalia,Chordata,Actinopterygii,Perciformes,Callionymidae,Callionymus,maculatus,MW818395
SEA0273,PreservedSpecimen,species,Animalia,Chordata,Actinopterygii,Perciformes,Callionymidae,Callionymus,maculatus,MW818396
SEA0274,PreservedSpecimen,species,Animalia,Chordata,Actinopterygii,Perciformes,Callionymidae,Callionymus,maculatus,MW818397
SEA0275,PreservedSpecimen,species,Animalia,Chordata,Actinopterygii,Perciformes,Callionymidae,Callionymus,maculatus,NA
SEA0276,PreservedSpecimen,species,Animalia,Chordata,Actinopterygii,Perciformes,Callionymidae,Callionymus,maculatus,NA
SEA0277,PreservedSpecimen,species,Animalia,Chordata,Actinopterygii,Perciformes,Callionymidae,Callionymus,maculatus,NA
SEA0278,PreservedSpecimen,species,Animalia,Chordata,Actinopterygii,Perciformes,Callionymidae,Callionymus,maculatus,MW818398
SEA0279,PreservedSpecimen,species,Animalia,Chordata,Actinopterygii,Perciformes,Callionymidae,Callionymus,maculatus,NA
SEA0280,PreservedSpecimen,species,Animalia,Chordata,Actinopterygii,Perciformes,Callionymidae,Callionymus,maculatus,NA
SEA0281,PreservedSpecimen,species,Animalia,Chordata,Actinopterygii,Gadiformes,Merlucciidae,Merluccius,merluccius,MW818306
SEA0282,PreservedSpecimen,species,Animalia,Chordata,Actinopterygii,Perciformes,Callionymidae,Callionymus,lyra,MW818399
SEA0283,PreservedSpecimen,species,Animalia,Chordata,Actinopterygii,Perciformes,Callionymidae,Callionymus,lyra,NA
SEA0284,PreservedSpecimen,species,Animalia,Chordata,Actinopterygii,Perciformes,Callionymidae,Callionymus,lyra,NA
SEA0285,PreservedSpecimen,species,Animalia,Chordata,Actinopterygii,Perciformes,Callionymidae,Callionymus,lyra,NA
SEA0286,PreservedSpecimen,species,Animalia,Chordata,Actinopterygii,Perciformes,Callionymidae,Callionymus,lyra,NA
SEA0287,PreservedSpecimen,species,Animalia,Chordata,Actinopterygii,Perciformes,Carangidae,Trachurus,trachurus,MW818295
SEA0288,PreservedSpecimen,species,Animalia,Chordata,Actinopterygii,Perciformes,Carangidae,Trachurus,trachurus,NA
SEA0289,PreservedSpecimen,species,Animalia,Chordata,Actinopterygii,Perciformes,Carangidae,Trachurus,trachurus,NA
SEA0290,PreservedSpecimen,species,Animalia,Chordata,Actinopterygii,Perciformes,Carangidae,Trachurus,trachurus,NA
SEA0291,PreservedSpecimen,species,Animalia,Chordata,Actinopterygii,Perciformes,Carangidae,Trachurus,trachurus,NA
SEA0292,PreservedSpecimen,species,Animalia,Chordata,Actinopterygii,Perciformes,Carangidae,Trachurus,trachurus,NA
SEA0293,PreservedSpecimen,species,Animalia,Chordata,Actinopterygii,Perciformes,Carangidae,Trachurus,trachurus,NA
SEA0294,PreservedSpecimen,species,Animalia,Chordata,Actinopterygii,Perciformes,Caproidae,Capros,aper,MW818345
SEA0295,PreservedSpecimen,species,Animalia,Chordata,Actinopterygii,Scorpaeniformes,Triglidae,Eutrigla,gurnardus,MW818284
SEA0296,PreservedSpecimen,species,Animalia,Chordata,Actinopterygii,Scorpaeniformes,Triglidae,Eutrigla,gurnardus,MW818273
SEA0297,PreservedSpecimen,species,Animalia,Chordata,Actinopterygii,Scorpaeniformes,Triglidae,Eutrigla,gurnardus,NA
SEA0298,PreservedSpecimen,species,Animalia,Chordata,Actinopterygii,Scorpaeniformes,Triglidae,Eutrigla,gurnardus,NA
SEA0299,PreservedSpecimen,species,Animalia,Chordata,Actinopterygii,Scorpaeniformes,Triglidae,Eutrigla,gurnardus,NA
SEA0300,PreservedSpecimen,species,Animalia,Chordata,Actinopterygii,Scorpaeniformes,Triglidae,Eutrigla,gurnardus,NA
SEA0301,PreservedSpecimen,species,Animalia,Chordata,Actinopterygii,Gadiformes,Gadidae,Trisopterus,minutus,MW818412
SEA0302,PreservedSpecimen,species,Animalia,Chordata,Actinopterygii,Gadiformes,Gadidae,Trisopterus,minutus,MW818346
SEA0303,PreservedSpecimen,species,Animalia,Chordata,Actinopterygii,Gadiformes,Gadidae,Trisopterus,minutus,MW818413
SEA0304,PreservedSpecimen,species,Animalia,Chordata,Actinopterygii,Gadiformes,Gadidae,Trisopterus,minutus,MW818414
SEA0305,PreservedSpecimen,species,Animalia,Chordata,Actinopterygii,Gadiformes,Gadidae,Trisopterus,minutus,MW818415
SEA0306,PreservedSpecimen,species,Animalia,Chordata,Actinopterygii,Zeiformes,Zeidae,Zeus,faber,MW818261
SEA0307,PreservedSpecimen,species,Animalia,Chordata,Actinopterygii,Zeiformes,Zeidae,Zeus,faber,NA
SEA0308,PreservedSpecimen,species,Animalia,Chordata,Actinopterygii,Zeiformes,Zeidae,Zeus,faber,MW818347
SEA0309,PreservedSpecimen,species,Animalia,Chordata,Actinopterygii,Zeiformes,Zeidae,Zeus,faber,NA
SEA0310,PreservedSpecimen,species,Animalia,Chordata,Actinopterygii,Zeiformes,Zeidae,Zeus,faber,NA
SEA0311,PreservedSpecimen,species,Animalia,Chordata,Actinopterygii,Scorpaeniformes,Triglidae,Chelidonichthys,lastoviza,MW818239
SEA0312,PreservedSpecimen,species,Animalia,Chordata,Actinopterygii,Scorpaeniformes,Triglidae,Chelidonichthys,lastoviza,MW818228
SEA0313,PreservedSpecimen,species,Animalia,Chordata,Actinopterygii,Scorpaeniformes,Triglidae,Chelidonichthys,lastoviza,NA
SEA0314,PreservedSpecimen,species,Animalia,Chordata,Actinopterygii,Scorpaeniformes,Triglidae,Chelidonichthys,lastoviza,NA
SEA0315,PreservedSpecimen,species,Animalia,Chordata,Actinopterygii,Gadiformes,Gadidae,Merlangius,merlangus,NA
SEA0316,PreservedSpecimen,species,Animalia,Chordata,Actinopterygii,Gadiformes,Gadidae,Merlangius,merlangus,NA
SEA0317,PreservedSpecimen,species,Animalia,Chordata,Actinopterygii,Gadiformes,Gadidae,Merlangius,merlangus,NA
SEA0318,PreservedSpecimen,species,Animalia,Chordata,Actinopterygii,Gadiformes,Gadidae,Merlangius,merlangus,NA
SEA0319,PreservedSpecimen,species,Animalia,Chordata,Actinopterygii,Gadiformes,Gadidae,Merlangius,merlangus,NA
SEA0320,PreservedSpecimen,species,Animalia,Chordata,Actinopterygii,Scorpaeniformes,Triglidae,Chelidonichthys,cuculus,MW818307
SEA0321,PreservedSpecimen,species,Animalia,Chordata,Actinopterygii,Scorpaeniformes,Triglidae,Chelidonichthys,cuculus,MW818296
SEA0322,PreservedSpecimen,species,Animalia,Chordata,Actinopterygii,Scorpaeniformes,Triglidae,Chelidonichthys,cuculus,NA
SEA0323,PreservedSpecimen,species,Animalia,Chordata,Actinopterygii,Scorpaeniformes,Triglidae,Chelidonichthys,cuculus,NA
SEA0324,PreservedSpecimen,species,Animalia,Chordata,Actinopterygii,Scorpaeniformes,Triglidae,Chelidonichthys,cuculus,NA
SEA0325,PreservedSpecimen,species,Animalia,Chordata,Actinopterygii,Scorpaeniformes,Triglidae,Chelidonichthys,cuculus,NA
SEA0326,PreservedSpecimen,species,Animalia,Chordata,Actinopterygii,Scorpaeniformes,Triglidae,Chelidonichthys,cuculus,NA
SEA0327,PreservedSpecimen,species,Animalia,Chordata,Actinopterygii,Scorpaeniformes,Triglidae,Chelidonichthys,cuculus,NA
SEA0328,PreservedSpecimen,species,Animalia,Chordata,Actinopterygii,Perciformes,Cepolidae,Cepola,macrophthalma,MW818400
SEA0329,PreservedSpecimen,species,Animalia,Chordata,Actinopterygii,Perciformes,Cepolidae,Cepola,macrophthalma,MW818416
SEA0330,PreservedSpecimen,species,Animalia,Chordata,Actinopterygii,Perciformes,Cepolidae,Cepola,macrophthalma,MW818417
SEA0331,PreservedSpecimen,species,Animalia,Chordata,Actinopterygii,Perciformes,Cepolidae,Cepola,macrophthalma,MW818418
SEA0332,PreservedSpecimen,species,Animalia,Chordata,Actinopterygii,Perciformes,Cepolidae,Cepola,macrophthalma,MW818419
SEA0333,PreservedSpecimen,species,Animalia,Chordata,Actinopterygii,Perciformes,Cepolidae,Cepola,macrophthalma,MW818420
SEA0334,PreservedSpecimen,species,Animalia,Chordata,Actinopterygii,Gobiiformes,Gobiidae,Pomatoschistus,pictus,NA
SEA0335,PreservedSpecimen,species,Animalia,Chordata,Actinopterygii,Syngnathiformes,Syngnathidae,Syngnathus,rostellatus,NA
SEA0336,TissueSample,species,Animalia,Chordata,Actinopterygii,Scorpaeniformes,Triglidae,Eutrigla,gurnardus,NA
SEA0337,TissueSample,species,Animalia,Chordata,Actinopterygii,Scorpaeniformes,Triglidae,Chelidonichthys,cuculus,NA
SEA0338,TissueSample,species,Animalia,Chordata,Actinopterygii,Pleuronectiformes,Pleuronectidae,Pleuronectes,platessa,NA
SEA0339,TissueSample,species,Animalia,Chordata,Actinopterygii,Pleuronectiformes,Pleuronectidae,Platichthys,flesus,NA
SEA0340,TissueSample,species,Animalia,Chordata,Actinopterygii,Pleuronectiformes,Soleidae,Pegusa,lascaris,NA
SEA0341,TissueSample,species,Animalia,Chordata,Actinopterygii,Pleuronectiformes,Pleuronectidae,Microstomus,kitt,NA
SEA0342,TissueSample,species,Animalia,Chordata,Actinopterygii,Pleuronectiformes,Scophthalmidae,Lepidorhombus,whiffiagonis,NA
SEA0343,TissueSample,species,Animalia,Chordata,Actinopterygii,Perciformes,Moronidae,Dicentrarchus,labrax,NA
SEA0344,TissueSample,species,Animalia,Chordata,Actinopterygii,Perciformes,Moronidae,Dicentrarchus,labrax,NA
SEA0345,TissueSample,species,Animalia,Chordata,Actinopterygii,Clupeiformes,Clupeidae,Sardina,pilchardus,NA
SEA0346,TissueSample,species,Animalia,Chordata,Actinopterygii,Perciformes,Scombridae,Scomber,scombrus,NA
SEA0347,TissueSample,species,Animalia,Chordata,Actinopterygii,Clupeiformes,Clupeidae,Clupea,harengus,NA
SEA0348,TissueSample,species,Animalia,Chordata,Actinopterygii,Perciformes,Mullidae,Mullus,surmuletus,NA
SEA0349,PreservedSpecimen,species,Animalia,Chordata,Actinopterygii,Gobiiformes,Gobiidae,Aphia,minuta,NA
SEA0350,PreservedSpecimen,species,Animalia,Chordata,Actinopterygii,Gobiiformes,Gobiidae,Aphia,minuta,NA
SEA0351,PreservedSpecimen,species,Animalia,Chordata,Actinopterygii,Gobiiformes,Gobiidae,Aphia,minuta,NA
SEA0352,PreservedSpecimen,species,Animalia,Chordata,Actinopterygii,Gobiiformes,Gobiidae,Gobius,niger,NA
SEA0353,PreservedSpecimen,species,Animalia,Chordata,Actinopterygii,Gobiiformes,Gobiidae,Gobius,niger,NA
SEA0354,PreservedSpecimen,species,Animalia,Chordata,Actinopterygii,Gobiiformes,Gobiidae,Gobius,niger,NA
SEA0355,PreservedSpecimen,genus,Animalia,Chordata,Actinopterygii,Gobiiformes,Gobiidae,Pomatoschistus,,NA
SEA0356,PreservedSpecimen,genus,Animalia,Chordata,Actinopterygii,Gobiiformes,Gobiidae,Pomatoschistus,,NA
SEA0357,PreservedSpecimen,genus,Animalia,Chordata,Actinopterygii,Gobiiformes,Gobiidae,Pomatoschistus,,NA
SEA0358,PreservedSpecimen,species,Animalia,Chordata,Actinopterygii,Pleuronectiformes,Soleidae,Buglossidium,luteum,NA
SEA0359,PreservedSpecimen,genus,Animalia,Chordata,Actinopterygii,Gobiiformes,Gobiidae,Pomatoschistus,,NA
SEA0360,PreservedSpecimen,species,Animalia,Chordata,Actinopterygii,Gobiesociformes,Gobiesocidae,Lepadogaster,purpurea,MW818348
SEA0361,PreservedSpecimen,species,Animalia,Chordata,Actinopterygii,Gobiesociformes,Gobiesocidae,Lepadogaster,purpurea,MW818349
SEA0362,PreservedSpecimen,species,Animalia,Chordata,Actinopterygii,Gobiesociformes,Gobiesocidae,Lepadogaster,purpurea,NA
SEA0363,PreservedSpecimen,species,Animalia,Chordata,Actinopterygii,Gobiiformes,Gobiidae,Pomatoschistus,minutus,MW818303
SEA0364,PreservedSpecimen,species,Animalia,Chordata,Actinopterygii,Gobiiformes,Gobiidae,Pomatoschistus,minutus,MW818350
SEA0365,PreservedSpecimen,species,Animalia,Chordata,Actinopterygii,Gobiiformes,Gobiidae,Pomatoschistus,minutus,MW818292
SEA0366,PreservedSpecimen,species,Animalia,Chordata,Actinopterygii,Gobiiformes,Gobiidae,Pomatoschistus,minutus,NA
SEA0367,PreservedSpecimen,species,Animalia,Chordata,Actinopterygii,Gobiiformes,Gobiidae,Pomatoschistus,minutus,NA
SEA0368,PreservedSpecimen,species,Animalia,Chordata,Actinopterygii,Gobiiformes,Gobiidae,Pomatoschistus,microps,MW818281
SEA0369,PreservedSpecimen,species,Animalia,Chordata,Actinopterygii,Gobiiformes,Gobiidae,Pomatoschistus,minutus,NA
SEA0370,PreservedSpecimen,species,Animalia,Chordata,Actinopterygii,Mugiliformes,Mugilidae,Chelon,ramada,NA
SEA0371,PreservedSpecimen,species,Animalia,Chordata,Actinopterygii,Mugiliformes,Mugilidae,Chelon,ramada,MW818270
SEA0372,PreservedSpecimen,species,Animalia,Chordata,Actinopterygii,Mugiliformes,Mugilidae,Chelon,ramada,NA
SEA0373,PreservedSpecimen,species,Animalia,Chordata,Actinopterygii,Mugiliformes,Mugilidae,Chelon,ramada,NA
SEA0374,PreservedSpecimen,species,Animalia,Chordata,Actinopterygii,Mugiliformes,Mugilidae,Chelon,ramada,NA
SEA0375,PreservedSpecimen,species,Animalia,Chordata,Actinopterygii,Syngnathiformes,Syngnathidae,Syngnathus,acus,MW818351
SEA0376,PreservedSpecimen,species,Animalia,Chordata,Actinopterygii,Syngnathiformes,Syngnathidae,Syngnathus,acus,NA
SEA0377,PreservedSpecimen,species,Animalia,Chordata,Actinopterygii,Perciformes,Labridae,Symphodus,bailloni,NA
SEA0378,PreservedSpecimen,species,Animalia,Chordata,Actinopterygii,Syngnathiformes,Syngnathidae,Syngnathus,rostellatus,NA
SEA0379,PreservedSpecimen,species,Animalia,Chordata,Actinopterygii,Syngnathiformes,Syngnathidae,Syngnathus,rostellatus,NA
SEA0380,PreservedSpecimen,species,Animalia,Chordata,Actinopterygii,Syngnathiformes,Syngnathidae,Syngnathus,rostellatus,MW818427
SEA0381,PreservedSpecimen,species,Animalia,Chordata,Actinopterygii,Syngnathiformes,Syngnathidae,Syngnathus,rostellatus,NA
SEA0382,PreservedSpecimen,species,Animalia,Chordata,Actinopterygii,Gobiiformes,Gobiidae,Pomatoschistus,pictus,MW818258
SEA0383,PreservedSpecimen,species,Animalia,Chordata,Actinopterygii,Gobiiformes,Gobiidae,Pomatoschistus,pictus,MW818352
SEA0384,PreservedSpecimen,species,Animalia,Chordata,Actinopterygii,Gobiiformes,Gobiidae,Pomatoschistus,pictus,MW818353
SEA0385,PreservedSpecimen,species,Animalia,Chordata,Actinopterygii,Gobiiformes,Gobiidae,Pomatoschistus,pictus,NA
SEA0386,PreservedSpecimen,species,Animalia,Chordata,Actinopterygii,Scorpaeniformes,Triglidae,Chelidonichthys,lucerna,NA
SEA0387,TissueSample,species,Animalia,Chordata,Actinopterygii,Perciformes,Labridae,Labrus,bergylta,NA
SEA0388,TissueSample,species,Animalia,Chordata,Actinopterygii,Scorpaeniformes,Cottidae,Taurulus,bubalis,MW818264
SEA0389,PreservedSpecimen,species,Animalia,Chordata,Actinopterygii,Scorpaeniformes,Liparidae,Liparis,liparis,MW818390
SEA0390,PreservedSpecimen,species,Animalia,Chordata,Actinopterygii,Perciformes,Labridae,Labrus,bergylta,MW818262
SEA0391,PreservedSpecimen,species,Animalia,Chordata,Actinopterygii,Syngnathiformes,Syngnathidae,Entelurus,aequoreus,MW818391
SEA0392,PreservedSpecimen,species,Animalia,Chordata,Actinopterygii,Perciformes,Ammodytidae,Ammodytes,tobianus,MW818240
SEA0393,PreservedSpecimen,species,Animalia,Chordata,Actinopterygii,Perciformes,Ammodytidae,Ammodytes,tobianus,NA
SEA0394,PreservedSpecimen,species,Animalia,Chordata,Actinopterygii,Scorpaeniformes,Liparidae,Liparis,liparis,MW818354
SEA0395,PreservedSpecimen,species,Animalia,Chordata,Actinopterygii,Scorpaeniformes,Liparidae,Liparis,liparis,MW818355
SEA0396,PreservedSpecimen,species,Animalia,Chordata,Actinopterygii,Scorpaeniformes,Liparidae,Liparis,liparis,NA
SEA0397,PreservedSpecimen,species,Animalia,Chordata,Actinopterygii,Scorpaeniformes,Liparidae,Liparis,montagui,MW818356
SEA0398,PreservedSpecimen,species,Animalia,Chordata,Actinopterygii,Perciformes,Carangidae,Trachurus,trachurus,NA
SEA0399,PreservedSpecimen,species,Animalia,Chordata,Actinopterygii,Gobiiformes,Gobiidae,Pomatoschistus,minutus,MW818357
SEA0400,PreservedSpecimen,species,Animalia,Chordata,Actinopterygii,Gobiiformes,Gobiidae,Pomatoschistus,minutus,MW818358
SEA0401,PreservedSpecimen,species,Animalia,Chordata,Actinopterygii,Gobiiformes,Gobiidae,Pomatoschistus,minutus,NA
SEA0402,PreservedSpecimen,species,Animalia,Chordata,Actinopterygii,Gobiiformes,Gobiidae,Pomatoschistus,minutus,NA
SEA0403,PreservedSpecimen,species,Animalia,Chordata,Actinopterygii,Gobiiformes,Gobiidae,Pomatoschistus,minutus,NA
SEA0404,PreservedSpecimen,species,Animalia,Chordata,Actinopterygii,Gobiiformes,Gobiidae,Pomatoschistus,minutus,NA
SEA0405,PreservedSpecimen,species,Animalia,Chordata,Actinopterygii,Gobiiformes,Gobiidae,Pomatoschistus,minutus,NA
SEA0406,PreservedSpecimen,species,Animalia,Chordata,Actinopterygii,Gobiiformes,Gobiidae,Pomatoschistus,minutus,NA
SEA0407,PreservedSpecimen,species,Animalia,Chordata,Actinopterygii,Gobiiformes,Gobiidae,Pomatoschistus,minutus,NA
SEA0408,PreservedSpecimen,species,Animalia,Chordata,Actinopterygii,Gobiiformes,Gobiidae,Pomatoschistus,minutus,NA
SEA0409,PreservedSpecimen,species,Animalia,Chordata,Actinopterygii,Gobiiformes,Gobiidae,Pomatoschistus,minutus,NA
SEA0410,PreservedSpecimen,species,Animalia,Chordata,Actinopterygii,Gobiiformes,Gobiidae,Pomatoschistus,minutus,NA
SEA0411,PreservedSpecimen,species,Animalia,Chordata,Actinopterygii,Gobiiformes,Gobiidae,Pomatoschistus,minutus,NA
SEA0412,PreservedSpecimen,species,Animalia,Chordata,Actinopterygii,Gobiiformes,Gobiidae,Pomatoschistus,minutus,NA
SEA0413,PreservedSpecimen,species,Animalia,Chordata,Actinopterygii,Gobiiformes,Gobiidae,Pomatoschistus,minutus,NA
SEA0414,PreservedSpecimen,genus,Animalia,Chordata,Actinopterygii,Gobiiformes,Gobiidae,Pomatoschistus,lozanoi,NA
SEA0415,PreservedSpecimen,genus,Animalia,Chordata,Actinopterygii,Gobiiformes,Gobiidae,Pomatoschistus,lozanoi,NA
SEA0416,PreservedSpecimen,genus,Animalia,Chordata,Actinopterygii,Gobiiformes,Gobiidae,Pomatoschistus,lozanoi,NA
SEA0417,TissueSample,species,Animalia,Chordata,Actinopterygii,Scorpaeniformes,Triglidae,Chelidonichthys,lucerna,MW818308
SEA0418,TissueSample,species,Animalia,Chordata,Actinopterygii,Syngnathiformes,Syngnathidae,Syngnathus,acus,NA
SEA0419,PreservedSpecimen,species,Animalia,Chordata,Actinopterygii,Pleuronectiformes,Pleuronectidae,Limanda,limanda,MW818297
SEA0420,TissueSample,species,Animalia,Chordata,Actinopterygii,Scorpaeniformes,Triglidae,Chelidonichthys,lucerna,NA
SEA0421,PreservedSpecimen,species,Animalia,Chordata,Actinopterygii,Mugiliformes,Mugilidae,Chelon,ramada,MW818286
SEA0422,PreservedSpecimen,species,Animalia,Chordata,Actinopterygii,Mugiliformes,Mugilidae,Chelon,ramada,NA
SEA0423,PreservedSpecimen,species,Animalia,Chordata,Actinopterygii,Mugiliformes,Mugilidae,Chelon,ramada,NA
SEA0424,PreservedSpecimen,species,Animalia,Chordata,Actinopterygii,Perciformes,Sparidae,Sparus,aurata,MW818274
SEA0425,PreservedSpecimen,species,Animalia,Chordata,Actinopterygii,Perciformes,Sparidae,Sparus,aurata,NA
SEA0426,PreservedSpecimen,species,Animalia,Chordata,Actinopterygii,Perciformes,Sparidae,Sparus,aurata,NA
SEA0427,PreservedSpecimen,species,Animalia,Chordata,Actinopterygii,Perciformes,Callionymidae,Callionymus,lyra,NA
SEA0428,PreservedSpecimen,species,Animalia,Chordata,Actinopterygii,Gobiiformes,Gobiidae,Pomatoschistus,microps,MW818359
SEA0429,PreservedSpecimen,species,Animalia,Chordata,Actinopterygii,Gobiiformes,Gobiidae,Pomatoschistus,microps,MW818360
SEA0430,PreservedSpecimen,species,Animalia,Chordata,Actinopterygii,Gobiiformes,Gobiidae,Pomatoschistus,microps,MW818361
SEA0431,PreservedSpecimen,species,Animalia,Chordata,Actinopterygii,Gobiiformes,Gobiidae,Pomatoschistus,microps,MW818362
SEA0432,PreservedSpecimen,species,Animalia,Chordata,Actinopterygii,Gobiiformes,Gobiidae,Pomatoschistus,microps,NA
SEA0433,PreservedSpecimen,species,Animalia,Chordata,Actinopterygii,Gobiiformes,Gobiidae,Pomatoschistus,microps,NA
SEA0434,PreservedSpecimen,species,Animalia,Chordata,Actinopterygii,Gobiiformes,Gobiidae,Pomatoschistus,microps,NA
SEA0435,PreservedSpecimen,species,Animalia,Chordata,Actinopterygii,Gobiiformes,Gobiidae,Pomatoschistus,microps,NA
SEA0436,PreservedSpecimen,species,Animalia,Chordata,Actinopterygii,Gobiiformes,Gobiidae,Pomatoschistus,microps,NA
SEA0437,PreservedSpecimen,species,Animalia,Chordata,Actinopterygii,Gobiiformes,Gobiidae,Pomatoschistus,microps,NA
SEA0438,TissueSample,species,Animalia,Chordata,Actinopterygii,Beloniformes,Belonidae,Belone,belone,NA
SEA0439,TissueSample,species,Animalia,Chordata,Actinopterygii,Perciformes,Blenniidae,Parablennius,gattorugine,MW818363
SEA0440,TissueSample,species,Animalia,Chordata,Actinopterygii,Gadiformes,Gadidae,Trisopterus,luscus,MW818364
SEA0441,TissueSample,species,Animalia,Chordata,Actinopterygii,Perciformes,Scombridae,Scomber,scombrus,MW818280
SEA0442,TissueSample,species,Animalia,Chordata,Actinopterygii,Perciformes,Scombridae,Scomber,scombrus,MW818269
SEA0443,TissueSample,species,Animalia,Chordata,Actinopterygii,Beloniformes,Belonidae,Belone,belone,MW818257
SEA0444,TissueSample,species,Animalia,Chordata,Actinopterygii,Gadiformes,Gadidae,Pollachius,pollachius,MW818247
SEA0445,TissueSample,species,Animalia,Chordata,Actinopterygii,Gadiformes,Gadidae,Pollachius,pollachius,MW818235
SEA0446,TissueSample,species,Animalia,Chordata,Actinopterygii,Gadiformes,Gadidae,Pollachius,pollachius,NA
SEA0447,TissueSample,species,Animalia,Chordata,Actinopterygii,Atheriniformes,Atherinidae,Atherina,boyeri,MW818224
SEA0448,PreservedSpecimen,species,Animalia,Chordata,Actinopterygii,Perciformes,Ammodytidae,Ammodytes,tobianus,MW818246
SEA0449,PreservedSpecimen,species,Animalia,Chordata,Actinopterygii,Perciformes,Ammodytidae,Ammodytes,tobianus,MW818234
SEA0450,PreservedSpecimen,species,Animalia,Chordata,Actinopterygii,Scorpaeniformes,Triglidae,Chelidonichthys,lastoviza,MW818223
SEA0451,PreservedSpecimen,species,Animalia,Chordata,Actinopterygii,Perciformes,Blenniidae,Blennius,ocellaris,MW818365
SEA0452,PreservedSpecimen,species,Animalia,Chordata,Actinopterygii,Perciformes,Blenniidae,Blennius,ocellaris,MW818366
SEA0453,PreservedSpecimen,species,Animalia,Chordata,Actinopterygii,Anguilliformes,Congridae,Conger,conger,MW818401
SEA0454,TissueSample,species,Animalia,Chordata,Chondrichthyes,Carcharhiniformes,Triakidae,Mustelus,asterias,MW818302
SEA0455,PreservedSpecimen,species,Animalia,Chordata,Actinopterygii,Syngnathiformes,Syngnathidae,Syngnathus,acus,MW818367
SEA0456,PreservedSpecimen,species,Animalia,Chordata,Actinopterygii,Syngnathiformes,Syngnathidae,Syngnathus,acus,NA
SEA0457,PreservedSpecimen,species,Animalia,Chordata,Actinopterygii,Syngnathiformes,Syngnathidae,Syngnathus,acus,NA
SEA0458,PreservedSpecimen,species,Animalia,Chordata,Actinopterygii,Syngnathiformes,Syngnathidae,Syngnathus,rostellatus,NA
SEA0459,PreservedSpecimen,species,Animalia,Chordata,Actinopterygii,Syngnathiformes,Syngnathidae,Syngnathus,rostellatus,MW818402
SEA0460,PreservedSpecimen,species,Animalia,Chordata,Actinopterygii,Clupeiformes,Engraulidae,Engraulis,encrasicolus,MW818368
SEA0461,TissueSample,species,Animalia,Chordata,Actinopterygii,Syngnathiformes,Syngnathidae,Hippocampus,hippocampus,NA
SEA0462,PreservedSpecimen,species,Animalia,Chordata,Actinopterygii,Gobiiformes,Gobiidae,Pomatoschistus,pictus,NA
SEA0463,PreservedSpecimen,species,Animalia,Chordata,Actinopterygii,Gobiiformes,Gobiidae,Pomatoschistus,pictus,NA
SEA0464,PreservedSpecimen,species,Animalia,Chordata,Actinopterygii,Gobiiformes,Gobiidae,Gobiusculus,flavescens,MW818403
SEA0465,PreservedSpecimen,species,Animalia,Chordata,Actinopterygii,Gasterosteiformes,Gasterosteidae,Spinachia,spinachia,MW818291
SEA0466,PreservedSpecimen,species,Animalia,Chordata,Actinopterygii,Syngnathiformes,Syngnathidae,Syngnathus,typhle,MW818404
SEA0467,PreservedSpecimen,species,Animalia,Chordata,Actinopterygii,Perciformes,Labridae,Symphodus,melops,MW818369
SEA0468,PreservedSpecimen,species,Animalia,Chordata,Actinopterygii,Perciformes,Labridae,Symphodus,melops,MW818370
SEA0469,PreservedSpecimen,species,Animalia,Chordata,Actinopterygii,Perciformes,Labridae,Symphodus,melops,NA
SEA0470,PreservedSpecimen,species,Animalia,Chordata,Actinopterygii,Perciformes,Labridae,Symphodus,melops,NA
SEA0471,PreservedSpecimen,species,Animalia,Chordata,Actinopterygii,Perciformes,Labridae,Symphodus,melops,NA
SEA0472,PreservedSpecimen,species,Animalia,Chordata,Actinopterygii,Perciformes,Labridae,Symphodus,melops,NA
SEA0473,PreservedSpecimen,species,Animalia,Chordata,Actinopterygii,Perciformes,Labridae,Symphodus,melops,NA
SEA0474,PreservedSpecimen,species,Animalia,Chordata,Actinopterygii,Perciformes,Labridae,Symphodus,bailloni,MW818371
SEA0475,PreservedSpecimen,species,Animalia,Chordata,Actinopterygii,Perciformes,Labridae,Symphodus,melops,NA
SEA0476,PreservedSpecimen,species,Animalia,Chordata,Actinopterygii,Perciformes,Labridae,Labrus,bergylta,NA
SEA0477,PreservedSpecimen,species,Animalia,Chordata,Actinopterygii,Scorpaeniformes,Triglidae,Eutrigla,gurnardus,MW818372
SEA0478,PreservedSpecimen,species,Animalia,Chordata,Actinopterygii,Perciformes,Sparidae,Sparus,aurata,NA
SEA0479,PreservedSpecimen,species,Animalia,Chordata,Actinopterygii,Perciformes,Sparidae,Sparus,aurata,MW818231
SEA0480,PreservedSpecimen,species,Animalia,Chordata,Actinopterygii,Perciformes,Sparidae,Sparus,aurata,MW818373
SEA0481,PreservedSpecimen,species,Animalia,Chordata,Actinopterygii,Syngnathiformes,Syngnathidae,Syngnathus,rostellatus,NA
SEA0482,TissueSample,species,Animalia,Chordata,Chondrichthyes,Rajiformes,Rajidae,Raja,undulata,MW818374
SEA0483,TissueSample,species,Animalia,Chordata,Actinopterygii,Mugiliformes,Mugilidae,Chelon,ramada,NA
SEA0484,PreservedSpecimen,species,Animalia,Chordata,Actinopterygii,Syngnathiformes,Syngnathidae,Syngnathus,rostellatus,MW818405
SEA0485,PreservedSpecimen,species,Animalia,Chordata,Actinopterygii,Syngnathiformes,Syngnathidae,Syngnathus,rostellatus,NA
SEA0486,PreservedSpecimen,species,Animalia,Chordata,Actinopterygii,Syngnathiformes,Syngnathidae,Syngnathus,rostellatus,NA
SEA0487,PreservedSpecimen,species,Animalia,Chordata,Actinopterygii,Syngnathiformes,Syngnathidae,Syngnathus,rostellatus,NA
SEA0488,PreservedSpecimen,species,Animalia,Chordata,Actinopterygii,Gasterosteiformes,Gasterosteidae,Spinachia,spinachia,NA
SEA0489,PreservedSpecimen,species,Animalia,Chordata,Actinopterygii,Mugiliformes,Mugilidae,Chelon,ramada,NA
SEA0490,PreservedSpecimen,species,Animalia,Chordata,Actinopterygii,Perciformes,Labridae,Symphodus,melops,MW818263
SEA0491,PreservedSpecimen,species,Animalia,Chordata,Actinopterygii,Perciformes,Labridae,Symphodus,bailloni,MW818251
SEA0492,PreservedSpecimen,species,Animalia,Chordata,Actinopterygii,Perciformes,Labridae,Symphodus,melops,NA
SEA0493,PreservedSpecimen,species,Animalia,Chordata,Actinopterygii,Perciformes,Labridae,Symphodus,bailloni,MW818375
SEA0494,PreservedSpecimen,species,Animalia,Chordata,Actinopterygii,Gadiformes,Gadidae,Merlangius,merlangus,NA
SEA0495,PreservedSpecimen,species,Animalia,Chordata,Actinopterygii,Gadiformes,Gadidae,Merlangius,merlangus,MW818220
SEA0496,PreservedSpecimen,species,Animalia,Chordata,Actinopterygii,Gadiformes,Gadidae,Merlangius,merlangus,NA
SEA0497,PreservedSpecimen,species,Animalia,Chordata,Actinopterygii,Scorpaeniformes,Triglidae,Chelidonichthys,lucerna,MW818241
SEA0498,PreservedSpecimen,species,Animalia,Chordata,Actinopterygii,Scorpaeniformes,Liparidae,Liparis,montagui,MW818421
SEA0499,PreservedSpecimen,species,Animalia,Chordata,Actinopterygii,Gadiformes,Lotidae,Ciliata,mustela,NA
SEA0500,PreservedSpecimen,species,Animalia,Chordata,Actinopterygii,Gadiformes,Lotidae,Ciliata,mustela,NA
SEA0501,PreservedSpecimen,species,Animalia,Chordata,Actinopterygii,Gadiformes,Lotidae,Ciliata,mustela,NA
SEA0502,PreservedSpecimen,species,Animalia,Chordata,Actinopterygii,Gadiformes,Lotidae,Ciliata,mustela,NA
SEA0503,PreservedSpecimen,species,Animalia,Chordata,Actinopterygii,Syngnathiformes,Syngnathidae,Hippocampus,hippocampus,MW818376
SEA0504,PreservedSpecimen,species,Animalia,Chordata,Actinopterygii,Syngnathiformes,Syngnathidae,Hippocampus,hippocampus,MW818377
SEA0505,PreservedSpecimen,species,Animalia,Chordata,Actinopterygii,Syngnathiformes,Syngnathidae,Hippocampus,hippocampus,MW818378
SEA0506,PreservedSpecimen,species,Animalia,Chordata,Actinopterygii,Syngnathiformes,Syngnathidae,Hippocampus,hippocampus,NA
SEA0507,PreservedSpecimen,species,Animalia,Chordata,Actinopterygii,Perciformes,Pholidae,Pholis,gunnellus,MW818379
SEA0508,PreservedSpecimen,species,Animalia,Chordata,Actinopterygii,Perciformes,Blenniidae,Blennius,ocellaris,NA
SEA0509,TissueSample,species,Animalia,Chordata,Actinopterygii,Pleuronectiformes,Soleidae,Pegusa,lascaris,NA
SEA0510,TissueSample,species,Animalia,Chordata,Actinopterygii,Pleuronectiformes,Soleidae,Pegusa,lascaris,NA
SEA0511,TissueSample,species,Animalia,Chordata,Actinopterygii,Pleuronectiformes,Soleidae,Pegusa,lascaris,NA
SEA0512,TissueSample,species,Animalia,Chordata,Actinopterygii,Perciformes,Labridae,Ctenolabrus,rupestris,MW818232
SEA0513,PreservedSpecimen,species,Animalia,Chordata,Actinopterygii,Gadiformes,Lotidae,Ciliata,septentrionalis,MW818406
SEA0514,PreservedSpecimen,species,Animalia,Chordata,Actinopterygii,Gadiformes,Lotidae,Ciliata,septentrionalis,MW818380
SEA0515,TissueSample,species,Animalia,Chordata,Actinopterygii,Perciformes,Labridae,Labrus,bergylta,MW818299
SEA0516,PreservedSpecimen,species,Animalia,Chordata,Actinopterygii,Perciformes,Labridae,Labrus,bergylta,MW818288
SEA0517,PreservedSpecimen,species,Animalia,Chordata,Actinopterygii,Perciformes,Trachinidae,Echiichthys,vipera,NA
SEA0518,PreservedSpecimen,species,Animalia,Chordata,Actinopterygii,Perciformes,Blenniidae,Blennius,ocellaris,NA
SEA0519,PreservedSpecimen,species,Animalia,Chordata,Chondrichthyes,Carcharhiniformes,Scyliorhinidae,Scyliorhinus,canicula,MW818381
SEA0520,TissueSample,species,Animalia,Chordata,Actinopterygii,Pleuronectiformes,Pleuronectidae,Microstomus,kitt,NA
SEA0521,PreservedSpecimen,species,Animalia,Chordata,Actinopterygii,Perciformes,Blenniidae,Blennius,ocellaris,MW818298
SEA0522,PreservedSpecimen,species,Animalia,Chordata,Actinopterygii,Perciformes,Blenniidae,Blennius,ocellaris,MW818287
SEA0523,PreservedSpecimen,species,Animalia,Chordata,Actinopterygii,Perciformes,Blenniidae,Blennius,ocellaris,NA
SEA0524,PreservedSpecimen,species,Animalia,Chordata,Actinopterygii,Perciformes,Blenniidae,Blennius,ocellaris,NA
SEA0525,PreservedSpecimen,species,Animalia,Chordata,Actinopterygii,Perciformes,Trachinidae,Echiichthys,vipera,MW818242
SEA0526,TissueSample,species,Animalia,Chordata,Actinopterygii,Perciformes,Labridae,Labrus,bergylta,NA
SEA0527,TissueSample,species,Animalia,Chordata,Actinopterygii,Pleuronectiformes,Scophthalmidae,Scophthalmus,rhombus,MW818276
SEA0528,TissueSample,species,Animalia,Chordata,Actinopterygii,Pleuronectiformes,Scophthalmidae,Scophthalmus,rhombus,MW818265
SEA0529,TissueSample,species,Animalia,Chordata,Actinopterygii,Pleuronectiformes,Scophthalmidae,Scophthalmus,rhombus,NA
SEA0530,TissueSample,species,Animalia,Chordata,Actinopterygii,Pleuronectiformes,Scophthalmidae,Scophthalmus,rhombus,NA
SEA0531,PreservedSpecimen,species,Animalia,Chordata,Actinopterygii,Pleuronectiformes,Pleuronectidae,Limanda,limanda,MW818253
SEA0532,PreservedSpecimen,species,Animalia,Chordata,Actinopterygii,Pleuronectiformes,Pleuronectidae,Limanda,limanda,MW818243
SEA0533,PreservedSpecimen,species,Animalia,Chordata,Actinopterygii,Pleuronectiformes,Pleuronectidae,Limanda,limanda,NA
SEA0534,PreservedSpecimen,species,Animalia,Chordata,Actinopterygii,Perciformes,Trachinidae,Echiichthys,vipera,MW818230
SEA0535,PreservedSpecimen,species,Animalia,Chordata,Actinopterygii,Perciformes,Trachinidae,Echiichthys,vipera,NA
SEA0536,PreservedSpecimen,species,Animalia,Chordata,Actinopterygii,Perciformes,Trachinidae,Echiichthys,vipera,NA
SEA0537,TissueSample,species,Animalia,Chordata,Actinopterygii,Perciformes,Sparidae,Spondyliosoma,cantharus,MW818245
SEA0538,TissueSample,species,Animalia,Chordata,Actinopterygii,Perciformes,Sparidae,Spondyliosoma,cantharus,MW818233
SEA0539,TissueSample,species,Animalia,Chordata,Actinopterygii,Perciformes,Sparidae,Spondyliosoma,cantharus,NA
SEA0540,PreservedSpecimen,species,Animalia,Chordata,Actinopterygii,Syngnathiformes,Syngnathidae,Syngnathus,acus,NA
SEA0541,PreservedSpecimen,species,Animalia,Chordata,Actinopterygii,Syngnathiformes,Syngnathidae,Syngnathus,acus,NA
SEA0542,PreservedSpecimen,species,Animalia,Chordata,Actinopterygii,Beloniformes,Belonidae,Belone,belone,MW818222
SEA0543,PreservedSpecimen,genus,Animalia,Chordata,Actinopterygii,Perciformes,Ammodytidae,Ammodytes,tobianus,MW818301
SEA0544,PreservedSpecimen,species,Animalia,Chordata,Actinopterygii,Perciformes,Ammodytidae,Ammodytes,tobianus,MW818290
SEA0545,PreservedSpecimen,species,Animalia,Chordata,Actinopterygii,Perciformes,Ammodytidae,Ammodytes,tobianus,NA
SEA0546,TissueSample,species,Animalia,Chordata,Actinopterygii,Lophiiformes,Lophiidae,Lophius,piscatorius,NA
SEA0547,TissueSample,species,Animalia,Chordata,Actinopterygii,Pleuronectiformes,Pleuronectidae,Microstomus,kitt,NA
SEA0548,PreservedSpecimen,species,Animalia,Chordata,Actinopterygii,Pleuronectiformes,Pleuronectidae,Microstomus,kitt,MW818277
SEA0549,PreservedSpecimen,species,Animalia,Chordata,Actinopterygii,Pleuronectiformes,Pleuronectidae,Microstomus,kitt,MW818266
SEA0550,PreservedSpecimen,species,Animalia,Chordata,Actinopterygii,Pleuronectiformes,Soleidae,Pegusa,lascaris,MW818254
SEA0551,PreservedSpecimen,species,Animalia,Chordata,Actinopterygii,Pleuronectiformes,Soleidae,Pegusa,lascaris,MW818244
SEA0552,PreservedSpecimen,species,Animalia,Chordata,Actinopterygii,Pleuronectiformes,Soleidae,Pegusa,lascaris,NA
SEA0553,TissueSample,species,Animalia,Chordata,Actinopterygii,Pleuronectiformes,Pleuronectidae,Microstomus,kitt,NA
SEA0554,TissueSample,species,Animalia,Chordata,Actinopterygii,Perciformes,Sparidae,Spondyliosoma,cantharus,NA
SEA0555,TissueSample,species,Animalia,Chordata,Actinopterygii,Perciformes,Sparidae,Spondyliosoma,cantharus,NA
SEA0556,TissueSample,species,Animalia,Chordata,Actinopterygii,Pleuronectiformes,Soleidae,Pegusa,lascaris,NA
SEA0557,TissueSample,species,Animalia,Chordata,Actinopterygii,Perciformes,Labridae,Symphodus,bailloni,NA
SEA0558,TissueSample,species,Animalia,Chordata,Actinopterygii,Perciformes,Labridae,Symphodus,bailloni,MW818382
SEA0559,TissueSample,species,Animalia,Chordata,Actinopterygii,Perciformes,Labridae,Symphodus,bailloni,MW818383
SEA0560,PreservedSpecimen,species,Animalia,Chordata,Actinopterygii,Perciformes,Ammodytidae,Ammodytes,tobianus,MW818279
SEA0561,PreservedSpecimen,species,Animalia,Chordata,Actinopterygii,Syngnathiformes,Syngnathidae,Syngnathus,acus,NA
SEA0562,PreservedSpecimen,species,Animalia,Chordata,Actinopterygii,Syngnathiformes,Syngnathidae,Syngnathus,acus,NA
SEA0563,TissueSample,species,Animalia,Chordata,Actinopterygii,Lophiiformes,Lophiidae,Lophius,piscatorius,MW818221
SEA0564,TissueSample,species,Animalia,Chordata,Actinopterygii,Lophiiformes,Lophiidae,Lophius,piscatorius,MW818300
SEA0565,PreservedSpecimen,species,Animalia,Chordata,Actinopterygii,Perciformes,Ammodytidae,Hyperoplus,lanceolatus,MW818289
SEA0566,PreservedSpecimen,species,Animalia,Chordata,Actinopterygii,Perciformes,Ammodytidae,Hyperoplus,lanceolatus,MW818278
SEA0567,TissueSample,species,Animalia,Chordata,Actinopterygii,Pleuronectiformes,Scophthalmidae,Scophthalmus,rhombus,NA
SEA0568,PreservedSpecimen,species,Animalia,Chordata,Actinopterygii,Pleuronectiformes,Pleuronectidae,Microstomus,kitt,MW818384
SEA0569,PreservedSpecimen,species,Animalia,Chordata,Actinopterygii,Pleuronectiformes,Pleuronectidae,Microstomus,kitt,NA
SEA0570,PreservedSpecimen,species,Animalia,Chordata,Actinopterygii,Perciformes,Ammodytidae,Hyperoplus,lanceolatus,MW818268
SEA0571,PreservedSpecimen,species,Animalia,Chordata,Actinopterygii,Syngnathiformes,Syngnathidae,Hippocampus,hippocampus,MW818385
SEA0572,PreservedSpecimen,species,Animalia,Chordata,Actinopterygii,Gobiesociformes,Gobiesocidae,Diplecogaster,bimaculata,MW818256
SEA0573,PreservedSpecimen,species,Animalia,Chordata,Actinopterygii,Gobiesociformes,Gobiesocidae,Diplecogaster,bimaculata,MW818275
SEA0574,PreservedSpecimen,species,Animalia,Chordata,Actinopterygii,Gobiesociformes,Gobiesocidae,Diplecogaster,bimaculata,NA
SEA0575,PreservedSpecimen,species,Animalia,Chordata,Actinopterygii,Gobiesociformes,Gobiesocidae,Diplecogaster,bimaculata,NA
SEA0576,PreservedSpecimen,species,Animalia,Chordata,Actinopterygii,Gobiesociformes,Gobiesocidae,Diplecogaster,bimaculata,NA
SEA0577,PreservedSpecimen,species,Animalia,Chordata,Actinopterygii,Gobiesociformes,Gobiesocidae,Diplecogaster,bimaculata,NA
SEA0578,PreservedSpecimen,species,Animalia,Chordata,Actinopterygii,Gobiesociformes,Gobiesocidae,Diplecogaster,bimaculata,NA
SEA0579,PreservedSpecimen,species,Animalia,Chordata,Actinopterygii,Gobiesociformes,Gobiesocidae,Diplecogaster,bimaculata,NA
SEA0580,PreservedSpecimen,species,Animalia,Chordata,Actinopterygii,Gobiesociformes,Gobiesocidae,Diplecogaster,bimaculata,NA
SEA0581,PreservedSpecimen,species,Animalia,Chordata,Actinopterygii,Gadiformes,Lotidae,Ciliata,septentrionalis,MW818422
SEA0582,PreservedSpecimen,species,Animalia,Chordata,Actinopterygii,Perciformes,Labridae,Ctenolabrus,rupestris,MW818267
SEA0583,PreservedSpecimen,species,Animalia,Chordata,Actinopterygii,Pleuronectiformes,Scophthalmidae,Zeugopterus,regius,MW818407
SEA0584,PreservedSpecimen,species,Animalia,Chordata,Actinopterygii,Pleuronectiformes,Scophthalmidae,Zeugopterus,regius,MW818408
SEA0585,PreservedSpecimen,species,Animalia,Chordata,Actinopterygii,Pleuronectiformes,Scophthalmidae,Zeugopterus,regius,NA
SEA0586,PreservedSpecimen,species,Animalia,Chordata,Actinopterygii,Pleuronectiformes,Scophthalmidae,Zeugopterus,regius,NA
SEA0587,PreservedSpecimen,species,Animalia,Chordata,Actinopterygii,Pleuronectiformes,Scophthalmidae,Zeugopterus,regius,MW818426
SEA0588,PreservedSpecimen,species,Animalia,Chordata,Actinopterygii,Perciformes,Trachinidae,Trachinus,draco,MW818255
SEA0589,PreservedSpecimen,species,Animalia,Chordata,Actinopterygii,Perciformes,Trachinidae,Trachinus,draco,MW818252
SEA0590,PreservedSpecimen,species,Animalia,Chordata,Actinopterygii,Perciformes,Trachinidae,Trachinus,draco,NA
SEA0591,PreservedSpecimen,species,Animalia,Chordata,Actinopterygii,Perciformes,Trachinidae,Trachinus,draco,NA
SEA0592,PreservedSpecimen,species,Animalia,Chordata,Actinopterygii,Perciformes,Trachinidae,Trachinus,draco,NA
SEA0593,PreservedSpecimen,species,Animalia,Chordata,Actinopterygii,Pleuronectiformes,Pleuronectidae,Limanda,limanda,NA
SEA0594,PreservedSpecimen,species,Animalia,Chordata,Actinopterygii,Pleuronectiformes,Pleuronectidae,Limanda,limanda,NA
SEA0595,TissueSample,species,Animalia,Chordata,Actinopterygii,Perciformes,Scombridae,Scomber,scombrus,NA
SEA0596,TissueSample,species,Animalia,Chordata,Actinopterygii,Perciformes,Scombridae,Scomber,scombrus,NA
SEA0597,TissueSample,species,Animalia,Chordata,Actinopterygii,Perciformes,Scombridae,Scomber,scombrus,NA
SEA0598,TissueSample,species,Animalia,Chordata,Actinopterygii,Clupeiformes,Clupeidae,Sardina,pilchardus,NA
SEA0599,TissueSample,species,Animalia,Chordata,Actinopterygii,Clupeiformes,Clupeidae,Sardina,pilchardus,MW818386
SEA0600,TissueSample,species,Animalia,Chordata,Actinopterygii,Clupeiformes,Clupeidae,Sardina,pilchardus,NA
SEA0601,TissueSample,species,Animalia,Chordata,Actinopterygii,Perciformes,Mullidae,Mullus,surmuletus,NA
SEA0602,TissueSample,species,Animalia,Chordata,Actinopterygii,Perciformes,Mullidae,Mullus,surmuletus,MW818387
SEA0603,TissueSample,species,Animalia,Chordata,Actinopterygii,Perciformes,Mullidae,Mullus,surmuletus,MW818388
SEA0604,TissueSample,species,Animalia,Chordata,Actinopterygii,Scorpaeniformes,Triglidae,Chelidonichthys,cuculus,NA
SEA0605,TissueSample,species,Animalia,Chordata,Actinopterygii,Scorpaeniformes,Triglidae,Chelidonichthys,cuculus,NA
SEA0606,TissueSample,species,Animalia,Chordata,Actinopterygii,Scorpaeniformes,Triglidae,Chelidonichthys,cuculus,NA
SEA0607,TissueSample,species,Animalia,Chordata,Actinopterygii,Pleuronectiformes,Scophthalmidae,Lepidorhombus,whiffiagonis,MW818423
SEA0608,TissueSample,species,Animalia,Chordata,Actinopterygii,Pleuronectiformes,Scophthalmidae,Lepidorhombus,whiffiagonis,MW818389
SEA0609,TissueSample,species,Animalia,Chordata,Actinopterygii,Pleuronectiformes,Scophthalmidae,Lepidorhombus,whiffiagonis,MW818424
SEA0610,TissueSample,species,Animalia,Chordata,Actinopterygii,Pleuronectiformes,Pleuronectidae,Microstomus,kitt,NA
SEA0611,TissueSample,species,Animalia,Chordata,Actinopterygii,Pleuronectiformes,Pleuronectidae,Microstomus,kitt,NA
SEA0612,TissueSample,species,Animalia,Chordata,Actinopterygii,Pleuronectiformes,Pleuronectidae,Microstomus,kitt,NA
SEA0613,TissueSample,species,Animalia,Chordata,Actinopterygii,Pleuronectiformes,Pleuronectidae,Microstomus,kitt,NA
SEA0614,PreservedSpecimen,species,Animalia,Chordata,Actinopterygii,Gobiesociformes,Gobiesocidae,Apletodon,dentatus,MW818425
FR01,TissueSample,species,Animalia,Chordata,Actinopterygii,Perciformes,Ammodytidae,Ammodytes,marinus,MN539926 | MN539946 | MW818431
FR05,TissueSample,species,Animalia,Chordata,Actinopterygii,Perciformes,Ammodytidae,Ammodytes,marinus,MN539930 | MN539950 | MW818430
FR15,TissueSample,species,Animalia,Chordata,Actinopterygii,Perciformes,Ammodytidae,Ammodytes,marinus,MN539933 | MN539956 | MW818429
FR24,TissueSample,genus,Animalia,Chordata,Actinopterygii,Perciformes,Callionymidae,Callionymus,,MN539964
SRX3821516,SRA,species,Animalia,Chordata,Chondrichthyes,Carcharhiniformes,Triakidae,Galeorhinus,galeus,SRX3821516
SEA0615,TissueSample,species,Animalia,Chordata,Chondrichthyes,Carcharhiniformes,Scyliorhinidae,Scyliorhinus,stellaris,MW818432
MN122846,GenBank,species,Animalia,Chordata,Actinopterygii,Scorpaeniformes,Agonidae,Agonus,cataphractus,MN122846
